617622,Thomas,Regina,ReginaRThomas@teleworm.us,Therwaseld,6812.20,boorish62
139016,Friend,Lila,LilaVFriend@teleworm.us,Womilorge,3525.32,daughter39
590106,Tighe,Allan,AllanGTighe@fleckens.hu,Ourighter,2225.75,hope75
635541,McDaniel,Josephine,JosephineMMcDaniel@teleworm.us,Recare,5841.61,spiffy14
548459,Brown,Andrew,AndrewKBrown@cuvox.de,Pokinklant,5521.38,mice36
164016,Brock,Brian,BrianMBrock@dayrep.com,Fick1954,3506.69,animated96
696036,Ayala,Gloria,GloriaEAyala@einrot.com,Whourpel,1242.66,mustard66
290593,Gorman,Samuel,SamuelEGorman@armyspy.com,Idowed,5639.14,immense63
225635,Logan,Robert,RobertCLogan@einrot.com,Majesigh,8338.41,fiveapplesBF
216332,Leach,Karen,KarenVLeach@rhyta.com,Buthrotimily,1898.08,beastly33
225880,Lair,Larry,LarryKLair@teleworm.us,Chancer,6332.63,smasherino91
566834,Lundy,Karen,KarenWLundy@cuvox.de,Kner1956,4838.61,magenta97
350381,Moore,Jasmine,JasmineTMoore@rhyta.com,Rivertand,1453.07,thoughtful74
350286,Soto,Ramon,RamonDSoto@einrot.com,Wentiont1974,6320.69,hotoven86
550578,Meade,Elizabeth,ElizabethKMeade@rhyta.com,Sice1983,4691.58,smokinggun89
322708,Bay,Leonard,LeonardMBay@armyspy.com,Alksomed,9982.39,marriedtwice41
546722,West,Debbie,DebbieMWest@einrot.com,Bributly,1480.00,outgoingone45
379522,Mahoney,Robert,RobertGMahoney@gustr.com,Forer1953,7830.59,rabbitquick39
461243,Truong,Rose,RoseSTruong@armyspy.com,Copunty1945,2287.60,cloistered30
560282,Titus,Robert,RobertSTitus@dayrep.com,Drigatured,6465.96,completed96
142208,Richardson,Wayne,WayneCRichardson@fleckens.hu,Wifich,414.09,questionable95
513085,Jamerson,Peggy,PeggyEJamerson@dayrep.com,Thicated1979,9913.26,committeeCDW
704286,Long,Amy,AmyRLong@superrito.com,Ralf1970,833.99,belligerent26
131220,Hughes,Sylvia,SylviaJHughes@einrot.com,Examoster46,8494.33,retiredagain44
248800,Singh,Pamela,PamelaDSingh@gustr.com,Geop1951,2225.25,droopyeyes83
214650,Campbell,Rebecca,RebeccaGCampbell@cuvox.de,Illudge,6948.42,flashlight43
649404,Woods,Michele,MicheleCWoods@fleckens.hu,Affix1977,7218.90,oddBehavior17
592666,Scott,Karen,KarenAScott@rhyta.com,Hambsood,7550.42,foursons57
609134,Mayer,Michael,MichaelMMayer@rhyta.com,Wintakephe,4138.94,mysterious83
675249,Bryant,Michael,MichaelEBryant@teleworm.us,Withents,6704.29,aftermath85
399216,Overton,Kristina,KristinaJOverton@jourrapide.com,Rovelf90,6619.52,guiltfree36
409471,Wilson,Carol,CarolEWilson@dayrep.com,Wateram,7011.84,loudvoice16
411405,Cross,Richard,RichardBCross@rhyta.com,Hineen,5556.91,communication71
230915,Petersen,Angela,AngelaJPetersen@teleworm.us,Wassall1972,6072.48,Petitelady35
406556,James,Gregory,GregoryCJames@armyspy.com,Thopulares,3422.00,delivered31
472097,Goodman,Marjorie,MarjorieJGoodman@fleckens.hu,Thernisom,2766.46,meltedchocolateQAZ
514259,Stith,Zachary,ZacharyMStith@rhyta.com,Thewene,5361.63,mickeymouse70
128201,Bello,Doug,DougLBello@dayrep.com,Hingiverack,3768.16,kingofnothing22
672099,Towle,Becky,BeckyOTowle@jourrapide.com,Ditter,8820.87,princecharming16
530297,Papineau,Sherry,SherryLPapineau@superrito.com,Whisher,3954.58,classified19
484721,Frances,Denise,DeniseWFrances@gustr.com,Textill,6858.38,cutenose53
801204,Beck,Eugene,EugeneJBeck@fleckens.hu,Quichaved,7217.09,kindhearted15
297878,Boehmer,Barbara,BarbaraBBoehmer@jourrapide.com,Whimor,5794.63,glamorous99
651369,Garcia,Todd,ToddDGarcia@fleckens.hu,Evessureary1954,6794.08,exercises32
604192,Evans,Fatima,FatimaWEvans@cuvox.de,Sued1968,5891.63,zonked98
670220,Lowery,James,JamesKLowery@gustr.com,Soner1961,4734.29,bonvoyage23
603501,Owens,Shane,ShaneDOwens@rhyta.com,Caminarthe,8785.30,badpollution51
184067,Johnson,Yvette,YvetteTJohnson@einrot.com,Behicuponte,3913.51,invincible12
134166,Maurer,Karen,KarenJMaurer@teleworm.us,Thaddealf,3402.63,thoughtless88
291784,Fogg,Andy,AndyLFogg@cuvox.de,Fectilourn,9464.94,tensnails33
264573,Jones,Charmaine,CharmaineSJones@gustr.com,Opoetinat,3995.39,blackcanvas68
527169,Gutierrez,Roberta,RobertaRGutierrez@rhyta.com,Offight1979,993.33,terrifickid47
240862,Brewster,Virginia,VirginiaMBrewster@teleworm.us,Trity1967,7573.02,basketball29
217704,Stephens,Deborah,DeborahWStephens@rhyta.com,Mearronsid,5011.25,flippantly59
589617,Williamson,Alma,AlmaDWilliamson@jourrapide.com,Creactmed,5469.18,venomous22
557331,Blackwell,Robert,RobertCBlackwell@fleckens.hu,Afrown,4238.80,attraction42
249418,Fischer,Maria,MariaRFischer@dayrep.com,Pritur,1500.97,naiveboy40
273030,Ewell,Richard,RichardEEwell@gustr.com,Whindan36,1816.09,soretooth70
505121,Barron,Guadalupe,GuadalupeHBarron@rhyta.com,Atle1957,1740.05,belligerent37
684035,Beckman,Peter,PeterRBeckman@jourrapide.com,Marjohishe,665.64,nonexistence36
518654,Miller,Ida,IdaEMiller@superrito.com,Hadact,6461.85,robertsrules53
496720,Reeder,John,JohnSReeder@einrot.com,Disted,247.30,lightanddark92
542372,Smith,Marisol,MarisolSSmith@teleworm.us,Chial1992,9395.67,highfalutin68
610968,Davis,Kenny,KennyJDavis@armyspy.com,Lumbeavy,4284.89,yellowsquash18
429375,Fields,Allene,AlleneJFields@einrot.com,Haster,2910.30,whineybaby63
705557,Wilbur,John,JohnEWilbur@cuvox.de,Thabees,8851.26,twocannons78
201241,Tillis,Elsa,ElsaETillis@gustr.com,Hiseepre,5897.46,ninefriends55
541961,Cockerham,Arthur,ArthurCCockerham@armyspy.com,Warmen,3110.58,tourguide91
144116,Hightower,Charles,CharlesMHightower@dayrep.com,Acho1942,4493.28,bentsteel26
887085,Pinzon,Inez,InezJPinzon@einrot.com,Alleary1978,5235.35,fallfestival78
277262,Webb,Thomas,ThomasJWebb@fleckens.hu,Steplead,700.21,gainfulnot78
323943,Lovett,Jeffrey,JeffreyNLovett@armyspy.com,Fectle90,804.59,babybottle11
368099,Mack,Mary,MaryPMack@gustr.com,Nagook,9696.08,historical80
564373,Johnson,Richard,RichardHJohnson@armyspy.com,Agemput,5660.83,wackytaffy61
441219,Valerio,John,JohnKValerio@cuvox.de,Turam1985,4923.03,watchnsee11
515908,Graddy,Betty,BettyJGraddy@fleckens.hu,Faight,7213.67,noreaction82
406520,Lee,Robert,RobertCLee@jourrapide.com,Wited1936,8434.14,horrible22
424206,Cowden,Mary,MaryJCowden@superrito.com,Eldis1945,738.80,toofunny14
413732,Williams,William,WilliamJWilliams@jourrapide.com,Shapithe,4376.74,bashful366
405941,Petty,Tyler,TylerSPetty@jourrapide.com,Hatte1978,2379.30,apathetic99
331600,Hughes,Jack,JackLHughes@armyspy.com,Godahlead1977,4814.64,impossible41
198222,Reece,Daniel,DanielBReece@rhyta.com,Tueret,3397.52,calculator58
174859,Anthony,George,GeorgeEAnthony@fleckens.hu,Ginstioniff,5923.46,3degrees15
624076,Figueroa,Allen,AllenAFigueroa@teleworm.us,Waskeend,9276.25,toweringinferno12
627627,Rawlings,Jennifer,JenniferNRawlings@gustr.com,Oventopereed,479.31,fancydress99
213199,Crespo,George,GeorgeRCrespo@jourrapide.com,Thallow,3880.47,pinetree19
642926,Bruck,Jeniffer,JenifferJBruck@superrito.com,Slown1981,6163.45,interestednot52
345160,Gordon,Virgil,VirgilJGordon@einrot.com,Restake88,3600.77,shocknawe97
403235,Bates,Adeline,AdelineJBates@einrot.com,Theirthe,7359.52,makeshift45
338509,Ventura,Stephen,StephenAVentura@jourrapide.com,Shookeplise,9614.63,hardtofind76
387194,Miranda,Frank,FrankEMiranda@cuvox.de,Thaverom,4299.33,numberless55
471441,Johnson,Kim,KimAJohnson@teleworm.us,Sarued1979,3812.57,tightfistted16
354405,Barr,Henry,HenryCBarr@einrot.com,Anibittly,1733.33,chivalrous88
603827,Jung,James,JamesDJung@fleckens.hu,Ineul1951,1780.42,probably35
766076,Parker,Hugo,HugoTParker@dayrep.com,Fough1963,4649.45,hammerhand97
658205,Perry,Linda,LindaJPerry@superrito.com,Donvill71,1715.31,seashore11
467752,Smith,Marilyn,MarilynKSmith@einrot.com,Tindst,6546.75,redundant88
981640,McRae,Darlene,DarleneLMcRae@jourrapide.com,Steme1954,4894.59,excellentfood99
670079,Forehand,Florence,FlorenceJForehand@armyspy.com,Brour1966,8672.29,billowyday63
540627,Jones,Kimberly,KimberlyJJones@cuvox.de,Dienteor,3744.24,outstanding95
526892,Whatley,Tiffany,TiffanySWhatley@rhyta.com,Dicable,2372.81,observationdeck96
681091,Mitchell,Timothy,TimothyEMitchell@superrito.com,Thicat,4125.25,productiveclass49
498549,Beasley,David,DavidLBeasley@gustr.com,Glelavold,4115.20,barbarous10
454345,Kovar,Gay,GayRKovar@teleworm.us,Youreave1964,1290.71,illinformed30
791875,Donahue,Megan,MeganADonahue@teleworm.us,Hinumet,473.21,woolymammoth54
398214,Callaghan,Andrea,AndreaCCallaghan@teleworm.us,Tandy1985,1956.82,carryfour81
692038,Ayala,Justina,JustinaJAyala@teleworm.us,Thembine,6012.10,milkysoup32
507627,Rhodes,Tanya,TanyaMRhodes@jourrapide.com,Liame1967,9196.91,asparagus17
518185,Wirth,Christopher,ChristopherRWirth@einrot.com,Thicate,5422.90,stonecold22
466987,Wagner,Arica,AricaAWagner@superrito.com,Risfold,2174.24,carwash31
224653,Bell,Preston,PrestonCBell@superrito.com,Sordly,1220.29,complexion93
299607,Ratley,Larry,LarryRRatley@dayrep.com,Goicanch,4029.84,maddening32
533558,Ashe,Rocco,RoccoVAshe@gustr.com,Jusbancief,9378.33,goodeducation49
505607,Blevins,Tina,TinaBBlevins@dayrep.com,Velsomens,7140.19,unnatural74
529045,Newell,Adam,AdamJNewell@fleckens.hu,Houlted,4668.07,totheairport65
106252,Beck,Katherine,KatherineBBeck@rhyta.com,Idefor,561.05,blueducks54
537082,Reese,Bobby,BobbyDReese@dayrep.com,Hally1949,2241.23,squealingpigs85
252505,Marshall,Maryjane,MaryjaneDMarshall@jourrapide.com,Makesch,1599.41,nodolls4me54
559169,Gray,June,JuneJGray@superrito.com,Sals1943,6411.02,twelvetrucks95
667203,Drye,John,JohnKDrye@superrito.com,Caresind,2754.94,jumpybean81
646481,Romanowski,Billy,BillyARomanowski@cuvox.de,Andite,1442.79,foolishcats80
319444,Cobb,Nancy,NancyJCobb@rhyta.com,Sherescider,1819.22,purrfect69
477784,Wilson,Diane,DianeDWilson@rhyta.com,Hadoestabut,3756.12,paperpaste46
241127,Price,Mary,MaryTPrice@rhyta.com,Expeithe,5436.09,sharprazor66
644529,McCoy,Sherry,SherryMMcCoy@jourrapide.com,Alwanoth,848.46,waxcandle88
523540,Snyder,Richard,RichardMSnyder@cuvox.de,Amensing,4096.08,fasttrains41
528673,Lira,Emmett,EmmettJLira@gustr.com,Posesselpere,7234.15,government52
279980,Longo,Mamie,MamieELongo@teleworm.us,Notin1962,913.56,launchaship87
416323,Stach,Jeffrey,JeffreyMStach@gustr.com,Acom1933,3934.41,greengrass80
549772,Amoroso,Dawn,DawnEAmoroso@gustr.com,Hably1989,874.25,blessedones12
674121,Stormer,Tisha,TishaDStormer@gustr.com,Halmot,5075.44,crazymen40
410664,Holmes,Dessie,DessieBHolmes@cuvox.de,Depeonew,4619.71,goldenyams85
426410,Fuqua,Alex,AlexMFuqua@teleworm.us,Shamortaiss,9580.89,oatmealpie43
466156,Sutton,Scott,ScottJSutton@jourrapide.com,Thasins,5844.37,abashed60
277805,Preston,Sharyl,SharylZPreston@armyspy.com,Lading,4030.10,tidy22
665079,Fritz,Nikki,NikkiDFritz@armyspy.com,Distert,7121.69,sixgeese70
530599,Hill,Allison,AllisonTHill@armyspy.com,Theng1995,6005.78,queens1255
317167,Merchant,Flor,FlorGMerchant@einrot.com,Beffectrall70,9224.22,pestyone186
386505,Pardue,Elena,ElenaAPardue@dayrep.com,Opirted,1631.81,kittydog10
317149,Norman,Kelsey,KelseyBNorman@jourrapide.com,Wituse,7894.35,mainstreet50
762012,Mitchell,Dorothy,DorothyJMitchell@gustr.com,Theek1970,8152.92,pricklypear88
297065,Rothwell,Elizabeth,ElizabethSRothwell@superrito.com,Beend1948,886.63,movenot52
238627,Cavender,Fred,FredBCavender@rhyta.com,Theryther,3913.34,pinandpin28
764284,Drew,Willie,WillieADrew@fleckens.hu,Giarturner,9874.42,bowling64
547925,Wallace,Helen,HelenRWallace@jourrapide.com,Aguebout,5435.86,judgenjury69
152741,Corso,Raymond,RaymondRCorso@armyspy.com,Pong1987,5955.34,holidays33
233222,Esters,Cindy,CindySEsters@gustr.com,Tomentioun,4054.98,dashingsnow36
578365,Sargent,Harold,HaroldKSargent@cuvox.de,Sterve,2155.94,santaclaus15
636017,Rose,Hubert,HubertFRose@armyspy.com,Thatery,2825.26,badweather52
605261,Margolis,Mollie,MollieGMargolis@fleckens.hu,Skiatio,2373.88,chewycorn75
219347,Williams,Regan,ReganSWilliams@jourrapide.com,Sartur,8399.03,chargeorpay62
225903,Martin,Jeannie,JeannieRMartin@jourrapide.com,Annes1960,4488.64,shoulders71
530950,Duncan,Roxanne,RoxanneKDuncan@armyspy.com,Beinale,6895.72,monstersinc26
402102,Ferreira,Joe,JoePFerreira@gustr.com,Piceat,1643.41,elfinmagic67
380842,Wells,Bradley,BradleyKWells@jourrapide.com,Mently,8932.85,mcdonalds11
215728,Rancourt,Eleanor,EleanorWRancourt@fleckens.hu,Alest1939,7583.48,neversaynever51
327013,Ingram,Louis,LouisVIngram@teleworm.us,Whilks,6323.98,yuckyflies43
366563,Chenault,Joseph,JosephLChenault@armyspy.com,Sionech,2957.86,sorethroat75
330482,Henry,Grace,GraceWHenry@teleworm.us,Aboulibland,7459.13,jogaround91
384723,Rosenberg,Harold,HaroldCRosenberg@dayrep.com,Meention1979,6926.25,fourteenth57
460013,Barry,David,DavidMBarry@armyspy.com,Ladmoultan,1919.87,coachted18
575850,Archer,Irene,IreneJArcher@armyspy.com,Feaver,8843.99,xerox973
672202,Pettis,Cynthia,CynthiaJPettis@armyspy.com,Nellove,328.45,wetwood76
290323,Painter,Gabrielle,GabrielleCPainter@dayrep.com,Treff1951,5776.83,cherrytree19
446761,Page,Gary,GaryNPage@rhyta.com,Sublaid,1365.93,woolyworms94
468483,Jones,Shirley,ShirleyBJones@cuvox.de,Fitered,5435.33,rakeleaves26
153266,Ecker,Ty,TyAEcker@armyspy.com,Lethe1951,1114.94,windyday72
566526,Hamlin,James,JamesKHamlin@einrot.com,Empting1985,9385.78,crystalball58
767031,King,Terrell,TerrellDKing@cuvox.de,Sixeclog,3645.66,sitandlaugh51
236881,Washington,Neva,NevaWWashington@dayrep.com,Reaunged,7278.64,elephant27
313361,Cartwright,William,WilliamPCartwright@rhyta.com,Thrioned,3435.10,twohundred31
279283,Vargas,James,JamesAVargas@jourrapide.com,Hustry63,7740.35,lotto34545
153929,Baker,Theresa,TheresaDBaker@gustr.com,Ghave1958,541.72,notnow54
278077,Moore,Javier,JavierTMoore@rhyta.com,Waaft1993,3951.55,ajarajar86
156095,Spencer,Janice,JaniceRSpencer@teleworm.us,Hictis,2850.58,running2much46
130465,Breaux,Ann,AnnNBreaux@teleworm.us,Alievespecon1940,9227.69,hourslater73
486060,Christiano,Howard,HowardMChristiano@teleworm.us,Thatoonse,3350.74,filtered65
377291,Tipton,Sally,SallyETipton@superrito.com,Unte1968,372.10,abandoned20
183403,Rollins,Matthew,MatthewNRollins@einrot.com,Thoter,5974.94,totallynot39
653287,Todd,Kay,KayDTodd@cuvox.de,Broreart,5038.14,chances21
356263,Brandt,Darius,DariusEBrandt@superrito.com,Aquat1938,3284.48,vocabulary77
152789,Sosa,Anthony,AnthonyCSosa@teleworm.us,Tagoink,1024.36,adjectives27
181763,Neal,Kimberly,KimberlyKNeal@superrito.com,Somptince,3653.37,languages16
351209,Moore,Walter,WalterRMoore@teleworm.us,Gisabloo,5129.52,javacup24
354123,Casey,Ann,AnnDCasey@jourrapide.com,Nectifems,6651.76,compoundit76
494464,Mankin,Kathleen,KathleenHMankin@dayrep.com,Strathe1986,5171.88,proposition32
586213,Buchanan,Edmond,EdmondIBuchanan@superrito.com,Treverg1967,4578.76,lifetimes94
416257,Boll,Eric,EricMBoll@gustr.com,Astion,730.03,English40
395149,Glass,June,JuneJGlass@fleckens.hu,Heray1965,3604.16,incorporated93
765167,Joseph,David,DavidPJoseph@gustr.com,Wour1956,8504.90,wordoftheday84
465218,Mikels,David,DavidCMikels@superrito.com,Greplive,285.65,brainstorm91
341286,Dates,Mark,MarkLDates@jourrapide.com,Thail1931,111.18,various23
554092,Harper,Joseph,JosephJHarper@fleckens.hu,Andoulte,5675.15,birthday34
450907,Ruth,Harold,HaroldSRuth@rhyta.com,Clacers,5515.77,etymology56
344078,Grace,Nicole,NicoleSGrace@fleckens.hu,Thlent62,5652.85,pronunciation50
918402,Phillips,William,WilliamWPhillips@gustr.com,Syrack,985.76,dailybread57
652245,Brown,Harold,HaroldTBrown@dayrep.com,Himpt1993,4342.53,abc
250135,Collins,Paul,PaulSCollins@jourrapide.com,Khorde,8971.79,fortyseven71
167385,Stanton,John,JohnLStanton@dayrep.com,Witolve1971,4652.33,seveneleven
592896,Streeter,Eric,EricVStreeter@einrot.com,Wiliptoo79,744.97,nowords
